iter	Logloss
0	0.2040814911
1	0.1286908354
